Workbook

Sheet Rankings
A1: RAWCRUIT — Intelligent Candidate Ranking
A2: Team Lazy4 · Redrob Hackathon 2026 · Senior AI Engineer — Top 100 Candidates
A3: Rank | B3: Candidate ID | C3: Score | D3: Score % | E3: Title & Key Signals | F3: Reasoning
A4: 1 | B4: CAND_0000031 | C4: 0.9999 | D4: =C4*100 -> 99.99 | E4: Recommendation Systems Engineer [TITLE_MATCH · PRODUCT_CO_EXP] | F4: Recommendation Systems Engineer with 6.0 yrs exp; 8 AI/ML core skills; recruiter response rate 0.91; TITLE_MATCH; PRODUCT_CO_EXP
A5: 2 | B5: CAND_0001610 | C5: 0.9979 | D5: =C5*100 -> 99.79 | E5: Machine Learning Engineer [TITLE_MATCH · MULTI_AI_ROLE] | F5: Machine Learning Engineer with 3.0 yrs exp; 10 AI/ML core skills; recruiter response rate 0.57; TITLE_MATCH; MULTI_AI_ROLE
A6: 3 | B6: CAND_0002025 | C6: 0.996 | D6: =C6*100 -> 99.6 | E6: Senior AI Engineer [TITLE_MATCH · MULTI_AI_ROLE] | F6: Senior AI Engineer with 5.9 yrs exp; 13 AI/ML core skills; recruiter response rate 0.80; TITLE_MATCH; MULTI_AI_ROLE
A7: 4 | B7: CAND_0002120 | C7: 0.994 | D7: =C7*100 -> 99.4 | E7: ML Engineer [TITLE_MATCH · AI_EXP_4YR] | F7: ML Engineer with 6.5 yrs exp; 6 AI/ML core skills; recruiter response rate 0.72; TITLE_MATCH; AI_EXP_4YR
A8: 5 | B8: CAND_0003791 | C8: 0.9921 | D8: =C8*100 -> 99.21 | E8: ML Engineer [TITLE_MATCH · MULTI_AI_ROLE] | F8: ML Engineer with 6.6 yrs exp; 5 AI/ML core skills; recruiter response rate 0.66; TITLE_MATCH; MULTI_AI_ROLE
A9: 6 | B9: CAND_0003977 | C9: 0.9902 | D9: =C9*100 -> 99.02 | E9: Recommendation Systems Engineer [TITLE_MATCH · MULTI_AI_ROLE] | F9: Recommendation Systems Engineer with 4.6 yrs exp; 7 AI/ML core skills; recruiter response rate 0.55; TITLE_MATCH; MULTI_AI_ROLE
A10: 7 | B10: CAND_0004402 | C10: 0.9882 | D10: =C10*100 -> 98.82 | E10: AI Research Engineer [TITLE_MATCH · AI_EXP_4YR] | F10: AI Research Engineer with 6.0 yrs exp; 7 AI/ML core skills; recruiter response rate 0.83; TITLE_MATCH; AI_EXP_4YR
A11: 8 | B11: CAND_0005260 | C11: 0.9863 | D11: =C11*100 -> 98.63 | E11: Senior NLP Engineer [TITLE_MATCH · MULTI_AI_ROLE] | F11: Senior NLP Engineer with 5.2 yrs exp; 9 AI/ML core skills; recruiter response rate 0.86; TITLE_MATCH; MULTI_AI_ROLE
A12: 9 | B12: CAND_0005269 | C12: 0.9844 | D12: =C12*100 -> 98.44 | E12: Senior Software Engineer (ML) [TITLE_MATCH · AI_EXP_4YR] | F12: Senior Software Engineer (ML) with 6.1 yrs exp; 7 AI/ML core skills; recruiter response rate 0.28; TITLE_MATCH; AI_EXP_4YR
A13: 10 | B13: CAND_0005311 | C13: 0.9826 | D13: =C13*100 -> 98.26 | E13: AI Research Engineer [TITLE_MATCH · PRODUCT_CO_EXP] | F13: AI Research Engineer with 5.7 yrs exp; 6 AI/ML core skills; recruiter response rate 0.29; TITLE_MATCH; PRODUCT_CO_EXP
A14: 11 | B14: CAND_0005509 | C14: 0.9807 | D14: =C14*100 -> 98.07 | E14: Data Scientist [TITLE_MATCH · PRODUCT_CO_EXP] | F14: Data Scientist with 6.0 yrs exp; 3 AI/ML core skills; recruiter response rate 0.40; TITLE_MATCH; PRODUCT_CO_EXP
A15: 12 | B15: CAND_0005538 | C15: 0.9788 | D15: =C15*100 -> 97.88 | E15: Senior AI Engineer [TITLE_MATCH] | F15: Senior AI Engineer with 5.9 yrs exp; 6 AI/ML core skills; recruiter response rate 0.81; TITLE_MATCH
... A103: 100 | B103: CAND_0037980 | C103: 0.86 | D103: =C103*100 -> 86 | E103: Senior Applied Scientist [TITLE_MATCH] | F103: Senior Applied Scientist with 9.0 yrs exp; 9 AI/ML core skills; recruiter response rate 0.63; TITLE_MATCH

Sheet Summary Dashboard
A1: 📊 RAWCRUIT — Candidate Pool Summary
A2: Auto-computed from Rankings sheet · Team Lazy4
A4: Total Candidates | B4: =COUNTA(Rankings!B4:B103) -> 100
A5: Highest Score | B5: =MAX(Rankings!C4:C103) -> 0.9999
A6: Lowest Score | B6: =MIN(Rankings!C4:C103) -> 0.86
A7: Average Score | B7: =AVERAGE(Rankings!C4:C103) -> 0.920719
A8: Median Score | B8: =MEDIAN(Rankings!C4:C103) -> 0.916
A9: Score Range | B9: =MAX(Rankings!C4:C103)-MIN(Rankings!C4:C103) -> 0.1399
A12: Score Distribution — Rank Bands
A13: Band | B13: Rank Range | C13: Min Score | D13: Max Score | E13: Count
A14: Elite | B14: #1–#10 | C14: 0.9826 | D14: 0.9999 | E14: 10
A15: Top | B15: #11–#25 | C15: 0.9557 | D15: 0.9807 | E15: 15
A16: Strong | B16: #26–#50 | C16: 0.9167 | D16: 0.954 | E16: 25
A17: Good | B17: #51–#75 | C17: 0.8848 | D17: 0.9153 | E17: 25
A18: Solid | B18: #76–#100 | C18: 0.86 | D18: 0.8836 | E18: 25
A21: ⭐ Top 10 Candidates
A22: Rank | B22: Candidate ID | C22: Score | D22: Score % | E22: Key Signals
A23: 1 | B23: CAND_0000031 | C23: 0.9999 | D23: 99.99 | E23: TITLE_MATCH · PRODUCT_CO_EXP
A24: 2 | B24: CAND_0001610 | C24: 0.9979 | D24: 99.79 | E24: TITLE_MATCH · MULTI_AI_ROLE
A25: 3 | B25: CAND_0002025 | C25: 0.996 | D25: 99.6 | E25: TITLE_MATCH · MULTI_AI_ROLE
A26: 4 | B26: CAND_0002120 | C26: 0.994 | D26: 99.4 | E26: TITLE_MATCH · AI_EXP_4YR
A27: 5 | B27: CAND_0003791 | C27: 0.9921 | D27: 99.21 | E27: TITLE_MATCH · MULTI_AI_ROLE
A28: 6 | B28: CAND_0003977 | C28: 0.9902 | D28: 99.02 | E28: TITLE_MATCH · MULTI_AI_ROLE
A29: 7 | B29: CAND_0004402 | C29: 0.9882 | D29: 98.82 | E29: TITLE_MATCH · AI_EXP_4YR
A30: 8 | B30: CAND_0005260 | C30: 0.9863 | D30: 98.63 | E30: TITLE_MATCH · MULTI_AI_ROLE
A31: 9 | B31: CAND_0005269 | C31: 0.9844 | D31: 98.44 | E31: TITLE_MATCH · AI_EXP_4YR
A32: 10 | B32: CAND_0005311 | C32: 0.9826 | D32: 98.26 | E32: TITLE_MATCH · PRODUCT_CO_EXP
